{
  "name": "angular-file-upload",
  "main": "angular-file-upload.js",
  "version": "2.1.1",
  "homepage": "https://github.com/danialfarid/angular-file-upload",
  "authors": [
    "danialf <danial.farid@gmail.com>"
  ],
  "description": "Lightweight Angular JS directive to upload files. Support drag&drop, progress and abort",
  "license": "MIT",
  "_release": "2.1.1",
  "_resolution": {
    "type": "version",
    "tag": "2.1.1",
    "commit": "bb809b9a09ffb2ce691d5569ebad05424c6774d7"
  },
  "_source": "git://github.com/danialfarid/angular-file-upload-bower.git",
  "_target": "~2.1.1",
  "_originalSource": "ng-file-upload",
  "_direct": true
}