{
  "name": "angular-socket-io",
  "version": "0.6.1",
  "main": "socket.js",
  "dependencies": {
    "angular": "^1.2.6"
  },
  "devDependencies": {
    "angular-mocks": "^1.2.6"
  },
  "homepage": "https://github.com/btford/angular-socket-io",
  "_release": "0.6.1",
  "_resolution": {
    "type": "version",
    "tag": "v0.6.1",
    "commit": "f4ded22ed2be9d07e4022d12f463aefb3b51a68b"
  },
  "_source": "git://github.com/btford/angular-socket-io.git",
  "_target": "~0.6.1",
  "_originalSource": "angular-socket-io",
  "_direct": true
}