{
  "name": "when",
  "version": "3.6.3",
  "main": "when.js",
  "moduleType": [
    "amd",
    "node"
  ],
  "description": "A lightweight Promises/A+ and when() implementation, plus other async goodies.",
  "keywords": [
    "Promises/A+",
    "promises-aplus",
    "promise",
    "promises",
    "deferred",
    "deferreds",
    "when",
    "async",
    "asynchronous",
    "cujo"
  ],
  "homepage": "https://github.com/cujojs/when",
  "authors": [
    "Brian Cavalier <brian@hovercraftstudios.com>"
  ],
  "license": "MIT",
  "ignore": [
    "**/.*",
    "**/*.md",
    "docs",
    "benchmark",
    "node_modules",
    "bower_components",
    "test",
    "build"
  ],
  "_release": "3.6.3",
  "_resolution": {
    "type": "version",
    "tag": "3.6.3",
    "commit": "a0f1f3980390243e8c5e4439819a47a4b048de4f"
  },
  "_source": "git://github.com/cujojs/when.git",
  "_target": "~3",
  "_originalSource": "when"
}