{
  "name": "fastclick",
  "version": "1.0.3",
  "main": "lib/fastclick.js",
  "ignore": [
    "**/.*",
    "component.json",
    "package.json",
    "Makefile",
    "tests",
    "examples"
  ],
  "homepage": "https://github.com/ftlabs/fastclick",
  "_release": "1.0.3",
  "_resolution": {
    "type": "version",
    "tag": "v1.0.3",
    "commit": "0ea8330a63019a07c8ccc86deca866bb31189b66"
  },
  "_source": "git://github.com/ftlabs/fastclick.git",
  "_target": ">=0.6.11",
  "_originalSource": "fastclick"
}