{
  "name": "angular-translate",
  "description": "A translation module for AngularJS",
  "version": "2.5.2",
  "main": "./angular-translate.js",
  "ignore": [],
  "author": "Pascal Precht",
  "licenses": [
    {
      "type": "MIT",
      "url": "http://www.opensource.org/licenses/MIT"
    }
  ],
  "homepage": "https://github.com/PascalPrecht/bower-angular-translate",
  "_release": "2.5.2",
  "_resolution": {
    "type": "version",
    "tag": "2.5.2",
    "commit": "b3944c2f1557eb40473683037a43b814972ef5d0"
  },
  "_source": "git://github.com/PascalPrecht/bower-angular-translate.git",
  "_target": "~2.5.2",
  "_originalSource": "angular-translate",
  "_direct": true
}