{
  "name": "rest",
  "version": "1.2.0",
  "main": "./browser.js",
  "moduleType": [
    "amd",
    "node"
  ],
  "dependencies": {
    "when": "~3"
  },
  "ignore": [
    "docs",
    "test"
  ],
  "homepage": "https://github.com/cujojs/rest",
  "_release": "1.2.0",
  "_resolution": {
    "type": "version",
    "tag": "v1.2.0",
    "commit": "acf479de78817562eab563b8f8a63a7aa7d854d9"
  },
  "_source": "git://github.com/cujojs/rest.git",
  "_target": "~1.2.0",
  "_originalSource": "rest",
  "_direct": true
}